project_id,github_repo,domain,doi,pypi_package,npm_package,stratum,source
horovod,horovod/horovod,hpc,,horovod,,sc26,sc26_corpus
taskflow,taskflow/taskflow,hpc,,,,sc26,sc26_corpus
fluidx3d,projectphysx/fluidx3d,hpc,,,,sc26,sc26_corpus
spack,spack/spack,hpc,,,,sc26,sc26_corpus
thread-pool,bshoshany/thread-pool,hpc,,,,sc26,sc26_corpus
cuda-oxide,nvlabs/cuda-oxide,hpc,,,,sc26,sc26_corpus
blis,flame/blis,hpc,,,,sc26,sc26_corpus
kokkos,kokkos/kokkos,hpc,,,,sc26,sc26_corpus
mfem,mfem/mfem,hpc,10.11578/dc.20171025.1248,,,sc26,sc26_corpus
hermit-rs,hermit-os/hermit-rs,hpc,,,,sc26,sc26_corpus
adaptivecpp,adaptivecpp/adaptivecpp,hpc,,,,sc26,sc26_corpus
nnpack,maratyszcza/nnpack,hpc,,,,sc26,sc26_corpus
dealii,dealii/dealii,hpc,,,,sc26,sc26_corpus
ucx,openucx/ucx,hpc,,,,sc26,sc26_corpus
elmerfem,elmercsc/elmerfem,hpc,10.5281/zenodo.7892181,,,sc26,sc26_corpus
sse2neon,dltcollab/sse2neon,hpc,,,,sc26,sc26_corpus
envpool,sail-sg/envpool,hpc,,envpool,,sc26,sc26_corpus
kernel,hermit-os/kernel,hpc,10.5281/zenodo.18999584,,,sc26,sc26_corpus
arraymancer,mratsim/arraymancer,hpc,,,,sc26,sc26_corpus
trilinos,trilinos/trilinos,hpc,,,,sc26,sc26_corpus
drake,ropensci/drake,hpc,,,,sc26,sc26_corpus
kratos,kratosmultiphysics/kratos,hpc,10.5281/zenodo.15687676,,,sc26,sc26_corpus
targets,ropensci/targets,hpc,10.5281/zenodo.18555866,,,sc26,sc26_corpus
openmc,openmc-dev/openmc,hpc,,,,sc26,sc26_corpus
hdf5,hdfgroup/hdf5,hpc,10.5281/zenodo.21716856,,,sc26,sc26_corpus
faasm,faasm/faasm,hpc,,,,sc26,sc26_corpus
mpi4py,mpi4py/mpi4py,hpc,,mpi4py,,sc26,sc26_corpus
zfp,llnl/zfp,hpc,,,,sc26,sc26_corpus
amgcl,ddemidov/amgcl,hpc,10.5281/zenodo.10048574,,,sc26,sc26_corpus
hypre,hypre-space/hypre,hpc,,,,sc26,sc26_corpus
geant4,geant4/geant4,hpc,,,,sc26,sc26_corpus
gpumd,brucefan1983/gpumd,hpc,,,,sc26,sc26_corpus
amrex,amrex-codes/amrex,hpc,10.5281/zenodo.21763562,,,sc26,sc26_corpus
mpich,pmodels/mpich,hpc,10.11578/dc.20200514.13,mpich,,sc26,sc26_corpus
rose,llnl/rose,hpc,,,,sc26,sc26_corpus
sundials,llnl/sundials,hpc,,,,sc26,sc26_corpus
prometeo,zanellia/prometeo,hpc,,,,sc26,sc26_corpus
dace,spcl/dace,hpc,,dace,,sc26,sc26_corpus
rsmpi,rsmpi/rsmpi,hpc,,,,sc26,sc26_corpus
qiskit,qiskit/qiskit,qc,10.5281/zenodo.21514780,qiskit,,sc26,sc26_corpus
cirq,quantumlib/cirq,qc,10.5281/zenodo.21080138,cirq,,sc26,sc26_corpus
pennylane,pennylaneai/pennylane,qc,,pennylane,,sc26,sc26_corpus
quantum,tensorflow/quantum,qc,,,,sc26,sc26_corpus
qutip,qutip/qutip,qc,,qutip,,sc26,sc26_corpus
rustworkx,qiskit/rustworkx,qc,10.5281/zenodo.21694280,rustworkx,,sc26,sc26_corpus
openfermion,quantumlib/openfermion,qc,,,,sc26,sc26_corpus
torchquantum,mit-han-lab/torchquantum,qc,,torchquantum,,sc26,sc26_corpus
pyquil,rigetti/pyquil,qc,10.5281/zenodo.3631770,pyquil,,sc26,sc26_corpus
openqasm,openqasm/openqasm,qc,,,,sc26,sc26_corpus
qpanda-2,originq/qpanda-2,qc,,,,sc26,sc26_corpus
cuda-quantum,nvidia/cuda-quantum,qc,10.5281/zenodo.21081994,cuda-quantum,,sc26,sc26_corpus
qiskit-machine-learning,qiskit-community/qiskit-machine-learning,qc,,qiskit-machine-learning,,sc26,sc26_corpus
yao-jl,quantumbfs/yao.jl,qc,,,,sc26,sc26_corpus
projectq,projectq-framework/projectq,qc,,projectq,,sc26,sc26_corpus
qdk,microsoft/qdk,qc,,qdk,,sc26,sc26_corpus
covalent,agnostiqhq/covalent,qc,10.5281/zenodo.8369670,covalent,,sc26,sc26_corpus
stim,quantumlib/stim,qc,,stim,,sc26,sc26_corpus
qiskit-aer,qiskit/qiskit-aer,qc,,qiskit-aer,,sc26,sc26_corpus
qsim,quantumlib/qsim,qc,10.5281/zenodo.4067237,qsim,,sc26,sc26_corpus
quimb,jcmgray/quimb,qc,,quimb,,sc26,sc26_corpus
grassmann-jl,chakravala/grassmann.jl,qc,10.5281/zenodo.21863412,,,sc26,sc26_corpus
blueqatsdk,blueqat/blueqatsdk,qc,,,,sc26,sc26_corpus
grove,rigetti/grove,qc,,,,sc26,sc26_corpus
amazon-braket-sdk-python,amazon-braket/amazon-braket-sdk-python,qc,,,,sc26,sc26_corpus
qualtran,quantumlib/qualtran,qc,,,,sc26,sc26_corpus
qibo,qiboteam/qibo,qc,10.5281/zenodo.20732899,qibo,,sc26,sc26_corpus
qmasm,lanl/qmasm,qc,,qmasm,,sc26,sc26_corpus
recirq,quantumlib/recirq,qc,10.5281/zenodo.4091470,,,sc26,sc26_corpus
toqito,vprusso/toqito,qc,10.5281/zenodo.4743211,toqito,,sc26,sc26_corpus
qrisp,eclipse-qrisp/qrisp,qc,,qrisp,,sc26,sc26_corpus
pennylane-qiskit,pennylaneai/pennylane-qiskit,qc,,,,sc26,sc26_corpus
qiskit-ibm-runtime,qiskit/qiskit-ibm-runtime,qc,,qiskit-ibm-runtime,,sc26,sc26_corpus
catalyst,pennylaneai/catalyst,qc,,,,sc26,sc26_corpus
quantumtoolbox-jl,qutip/quantumtoolbox.jl,qc,,,,sc26,sc26_corpus
qutip-qip,qutip/qutip-qip,qc,,qutip-qip,,sc26,sc26_corpus
ompi,open-mpi/ompi,hpc,,,,sc26,sc26_corpus
chapel,chapel-lang/chapel,hpc,,,,sc26,sc26_corpus
neanderthal,uncomplicate/neanderthal,hpc,,,,sc26,sc26_corpus
ohpc,openhpc/ohpc,hpc,,,,sc26,sc26_corpus
precice,precice/precice,hpc,,,,sc26,sc26_corpus
quirk,strilanc/quirk,qc,,,,sc26,sc26_corpus
qpp,softwareqinc/qpp,qc,,,,sc26,sc26_corpus
silq,silq-lang/silq,qc,,,,sc26,sc26_corpus
pyzx,zxcalc/pyzx,qc,,pyzx,,sc26,sc26_corpus
dwave-ocean-sdk,dwavesystems/dwave-ocean-sdk,qc,,dwave-ocean-sdk,,sc26,sc26_corpus
qulacs,qulacs/qulacs,qc,,,,sc26,sc26_corpus
scaffcc,epiqc/scaffcc,qc,,,,sc26,sc26_corpus
lcoi-local-crystalline-orientation-identifier,snirmeiri/lcoi_local_crystalline_orientation_identifier,chem-materials,,,,joss,baseline_joss
weathercan,ropensci/weathercan,earth-climate,,,,joss,baseline_joss
dart,dartsim/dart,engineering,,,,joss,baseline_joss
pyvista,pyvista/pyvista,general-tools,,pyvista,,joss,baseline_joss
biopsykit,mad-lab-fau/biopsykit,life-sciences,,biopsykit,,joss,baseline_joss
debyecalculator,frederiklizakjohansen/debyecalculator,physics,,debyecalculator,,joss,baseline_joss
textnets,jboynyc/textnets,social-sciences,,textnets,,joss,baseline_joss
dair,hegghammer/dair,unmapped,,,,joss,baseline_joss
agni,nichollsh/agni,astronomy,,,,joss,baseline_joss
mdentropy,msmbuilder/mdentropy,chem-materials,,,,joss,baseline_joss
geospatialsuite,cwru-sdle/geospatialsuite,earth-climate,,,,joss,baseline_joss
geometry,boostorg/geometry,engineering,,,,joss,baseline_joss
fieldtrip,fieldtrip/fieldtrip,general-tools,,,,joss,baseline_joss
genomesizer,scionresearch/genomesizer,life-sciences,,,,joss,baseline_joss
cblearn,cblearn/cblearn,physics,,,,joss,baseline_joss
martini,kyleaoman/martini,astronomy,,,,pyopensci,baseline_pyopensci
cheminformant,hzacode/cheminformant,chem-materials,,ChemInformant,,pyopensci,baseline_pyopensci
earthpy,earthlab/earthpy,earth-climate,,earthpy,,pyopensci,baseline_pyopensci
montepy,idaholab/montepy,general-tools,,montepy,,pyopensci,baseline_pyopensci
neon-utilities-python,neonscience/neon-utilities-python,life-sciences,,,,pyopensci,baseline_pyopensci
nsevdx,nischalcs50/nsevdx,math-stats-ml,,nsEVDx,,pyopensci,baseline_pyopensci
sunpy,sunpy/sunpy,physics,,sunpy,,pyopensci,baseline_pyopensci
plenoptic,plenoptic-org/plenoptic,unmapped,,plenoptic,,pyopensci,baseline_pyopensci
pyrolite,morganjwilliams/pyrolite,chem-materials,,pyrolite,,pyopensci,baseline_pyopensci
pygmt,genericmappingtools/pygmt,earth-climate,,pygmt,,pyopensci,baseline_pyopensci
eomaps,raphaelquast/eomaps,general-tools,,eomaps,,pyopensci,baseline_pyopensci
xclim,ouranosinc/xclim,earth-climate,,xclim,,pyopensci,baseline_pyopensci
felupe,adtzlr/felupe,general-tools,,felupe,,pyopensci,baseline_pyopensci
sourmash,sourmash-bio/sourmash,life-sciences,,sourmash,sourmash,pyopensci,baseline_pyopensci
bibat,teddygroves/bibat,math-stats-ml,,bibat,,pyopensci,baseline_pyopensci