judgment_id,scope,project_id,field,pipeline_verdict,values,covered_pairs,n_rows,hand_verdict,agree,issue_class,note,checked
J001,comp,horovod,title,conflict,fuzzy=21 | 'Horovod: fast and easy distributed deep learning in TensorFlow' vs 'horovod',readme~pypi,1,conflict,1,,,8/14/26
J002,comp,horovod,authors,conflict,|A|=2 |B|=1 matchedA=0 matchedB=0,readme~pypi,1,conflict,1,,"pypi only has ""The Horovod Authors""",8/14/26
J003,comp,mfem,title,conflict,fuzzy=89 | 'MFEM: Modular Finite Element Methods [Software]' vs 'Modular Finite Element Methods (MFEM)',cff~doi_record,1,conflict,1,,,8/14/26
J004,comp,mfem,authors,conflict,|A|=1 |B|=2 matchedA=0 matchedB=0,cff~doi_record,1,conflict,1,,,8/14/26
J005,comp,elmerfem,title,conflict,fuzzy=46 | 'ElmerFEM' vs 'ElmerCSC/elmerfem: Elmer 9.0',cff~doi_record,1,conflict,1,,,8/14/26
J006,comp,elmerfem,authors,conflict,|A|=25 |B|=20 matchedA=17 matchedB=17,cff~doi_record,1,conflict,1,,,8/14/26
J007,comp,elmerfem,license,conflict,'GPL-2.0-or-later' vs 'gpl-2.0+',cff~doi_record,1,conflict,1,,,8/14/26
J008,comp,envpool,title,conflict,fuzzy=17 | 'EnvPool: A Highly Parallel Reinforcement Learning Environment Execution Engine' vs 'envpool',readme~pypi,1,conflict,1,,,8/14/26
J009,comp,envpool,authors,conflict,|A|=12 |B|=1 matchedA=0 matchedB=0,readme~pypi,1,conflict,1,,"pypi only has """"EnvPool Contributors""",8/14/26
J010,comp,kernel,authors,conflict,|A|=11 |B|=11 matchedA=10 matchedB=10,cff~doi_record,1,conflict,1,,"doi has an extra ""{
        ""name"": ""The Hermit Project Developers"",
        ""given"": null,
        ""family"": ""The Hermit Project Developers"",
        ""orcid"": null
      }"" entry, while cff has the corresponding ""{
          ""name"": ""The Hermit Project Developers""
        }"" entry. But cff has a journal as preferred citation, which onlhy includes two authors  ",8/14/26
J011,comp,kernel,version,conflict,'0.10.0' vs 'v0.13.2',cff~doi_record,1,conflict,1,,,8/14/26
J012,comp,kernel,year,minor,2025 vs 2026 (staleness?),cff~doi_record,1,minor,1,,,8/14/26
J013,comp,kernel,doi,conflict,"10.5281/zenodo.14645534 vs 10.5281/zenodo.18999584 | both Zenodo: possible concept-vs-version DOI, HAND-CHECK",cff~doi_record,1,conflict,1,,"cff include concept DOI and viersioned DOI, while doi_record 's doi is in datacite registray ",8/14/26
J014,comp,trilinos,title,conflict,fuzzy=17 | 'Trilinos' vs 'Trilinos: Enabling Scientific Computing across Diverse Hardware Architectures at Scale',cff~doi_record;cff~readme,2,conflict,1,,"cff 's title and doi belongs to the journal at  'preferred-citatin' section, whie reame bibtex also pint to the journal",8/14/26
J015,comp,trilinos,authors,minor,name variants; n=33,doi_record~readme,1,minor,1,,"both doi and readme point to the journal instead of the softare itself, as well as cff",8/14/26
J016,comp,targets,title,conflict,fuzzy=39 | 'targets: Dynamic Function-Oriented 'Make'-Like Declarative Pipelines' vs 'ropensci/targets: tar_igraph()',codemeta~doi_record,1,conflict,1,,,8/14/26
J017,comp,targets,authors,conflict,|A|=1 |B|=24 matchedA=0 matchedB=0,codemeta~doi_record,1,conflict,1,,,8/14/26
J018,comp,targets,version,conflict,'1.11.1' vs '1.12.0',codemeta~doi_record,1,conflict,1,,,8/14/26
J019,comp,targets,doi,conflict,targets vs 10.5281/zenodo.18555866,codemeta~doi_record,1,conflict,1,,,8/14/26
J020,comp,targets,license,conflict,'MIT' vs 'cc-by-4.0',codemeta~doi_record,1,conflict,1,,,8/14/26
J021,comp,openmc,title,conflict,fuzzy=16 | 'OpenMC' vs 'OpenMC: A state-of-the-art Monte Carlo code for research and development',cff~doi_record,1,conflict,0,,both cff and doi are pointing to the journal instead of software,8/14/26
J022,comp,openmc,authors,conflict,|A|=11 |B|=6 matchedA=3 matchedB=3,cff~doi_record,1,conflict,1,,,8/14/26
J023,comp,hdf5,authors,conflict,|A|=1 |B|=1 matchedA=0 matchedB=0,cff~doi_record,1,conflict,0,,"""The HDF Group"" for both cff and doi",8/14/26
J024,comp,hdf5,doi,conflict,"10.5281/zenodo.17808614 vs 10.5281/zenodo.21716856 | both Zenodo: possible concept-vs-version DOI, HAND-CHECK",cff~doi_record,1,conflict,1,,cff'sv doi for all versions while doi record's one for v2.2.0 in datacite,8/14/26
J025,comp,mpi4py,title,conflict,fuzzy=50 | 'MPI for Python' vs 'mpi4py',cff~pypi;doi_record~pypi,2,conflict,1,,"doi and record has same name whiel pypi has a different name, but cff asked to use preferred citation, which is a journal",8/14/26
J026,comp,mpi4py,authors,conflict,|A|=3 |B|=1 matchedA=1 matchedB=1,cff~pypi;doi_record~pypi,2,conflict,1,,cff used preferred citation to a Journal,8/14/26
J027,comp,amrex,authors,conflict,|A|=19 |B|=19 matchedA=18 matchedB=18,zenodo_json~doi_record,1,exact,0,,"both have a list of authors and ""the AMReX Development Team"" as a distinct entry",8/14/26
J028,comp,amrex,authors,conflict,|A|=19 |B|=17 matchedA=14 matchedB=14,zenodo_json~readme;doi_record~readme,2,conflict,1,,readme's preferred caitaiton point to journal and journal author,8/14/26
J029,comp,amrex,title,conflict,fuzzy=39 | 'AMReX-Codes/amrex: AMReX 26.08' vs 'AMReX: a framework for block-structured adaptive mesh refinement',doi_record~readme,1,conflict,1,,readme's preferred caitaiton point to journal and journal title,8/14/26
J030,comp,amrex,year,conflict,2026 vs 2019,doi_record~readme,1,conflict,1,,readme's preferred caitaiton point to journal and journal year,8/14/26
J031,comp,amrex,doi,conflict,10.5281/zenodo.21763562 vs 10.21105/joss.01370,doi_record~readme,1,conflict,1,,readme's preferred caitaiton point to journal and journal doi,8/14/26
J032,comp,mpich,authors,conflict,|A|=9 |B|=1 matchedA=0 matchedB=0,doi_record~pypi;readme~pypi,2,conflict,1,,"pypi used ""MPICH Team"" only while readme's bibtex point to Jounal",8/14/26
J033,comp,dace,title,conflict,fuzzy=35 | 'DaCe - Data Centric Parallel Programming' vs 'Stateful Dataflow Multigraphs: A Data-Centric Model for Performance Portability on Heterogeneous Architectures',cff~readme,1,exact,0,,cff ask for preferred citation of conference paper and readme's bibtex also point to this paper,8/14/26
J034,comp,dace,authors,conflict,|A|=28 |B|=5 matchedA=5 matchedB=5,cff~readme,1,conflict,0,,both are pointing to authors of the conference paper,8/14/26
J035,comp,dace,title,conflict,fuzzy=19 | 'DaCe - Data Centric Parallel Programming' vs 'dace',cff~pypi,1,conflict,1,,cff points to conference paper while pypi point to software (github),8/14/26
J036,comp,dace,authors,conflict,|A|=28 |B|=1 matchedA=0 matchedB=0,cff~pypi,1,conflict,1,,"pypi points to the team ""SPCL @ ETH Zurich"" while cff points to the conference journal author",8/14/26
J037,comp,dace,title,conflict,fuzzy=7 | 'Stateful Dataflow Multigraphs: A Data-Centric Model for Performance Portability on Heterogeneous Architectures' vs 'dace',readme~pypi,1,conflict,1,,readme prefered citation is for conference paper while pypi has team name as author,8/14/26
J038,comp,dace,authors,conflict,|A|=5 |B|=1 matchedA=0 matchedB=0,readme~pypi,1,conflict,1,,readme prefered citation is for conference paper while pypi has team name as author,8/14/26
J039,comp,qiskit,title,conflict,fuzzy=38 | 'Qiskit/qiskit: Qiskit  2.5.1' vs 'qiskit',doi_record~pypi,1,conflict,1,,,8/14/26
J040,comp,qiskit,version,conflict,'2.5.1' vs '2.5.2',doi_record~pypi,1,conflict,1,,,8/14/26
J041,comp,cirq,authors,conflict,|A|=1 |B|=1 matchedA=0 matchedB=0,cff~doi_record;cff~pypi;doi_record~pypi,3,conflict,0,,"all have ""Cirq Developers"" while only pypi has ""The Cirq Developers""",8/14/26
J042,comp,cirq,version,minor,v-prefix only,cff~doi_record;doi_record~pypi,2,minor,1,,only doi has 'v',8/14/26
J043,comp,cirq,doi,conflict,"10.5281/zenodo.4062499 vs 10.5281/zenodo.21080138 | both Zenodo: possible concept-vs-version DOI, HAND-CHECK",cff~doi_record,1,conflict,1,,cff doi is for archive of all versions. Doi_crecords for current version,8/14/26
J044,comp,quantum,year,minor,2020 vs 2021 (staleness?),doi_record~readme,1,minor,1,,readme point to the paper year as in bibtex,8/14/26
J045,comp,rustworkx,authors,conflict,|A|=4 |B|=4 matchedA=0 matchedB=0,zenodo_json~doi_record,1,conflict,1,,,8/14/26
J046,comp,rustworkx,title,conflict,fuzzy=29 | 'rustworkx: A High-Performance Graph Library for Python' vs 'rustworkx',zenodo_json~pypi;doi_record~pypi,2,conflict,1,,,8/14/26
J047,comp,openfermion,title,conflict,fuzzy=29 | 'OpenFermion' vs 'OpenFermion: the electronic structure package for quantum computers',cff~doi_record,1,conflict,1,,"cff has attributes for software, but also prefereed caitation to the paper, which is the one in doi_record",8/14/26
J048,comp,openfermion,authors,conflict,|A|=1 |B|=37 matchedA=0 matchedB=0,cff~doi_record,1,conflict,1,,"cff has only ""The OpenFermion Developers"" for software author, but also prefereed caitation to the paper authors, which is the one in doi_record",8/14/26
J049,comp,openfermion,year,conflict,2026 vs 2020,cff~doi_record,1,conflict,1,,"cff has 2026 as the year for software, with preferred citation to doi_record's paper with a different year",8/14/26
J050,comp,torchquantum,title,conflict,fuzzy=28 | 'Quantumnas: Noise-adaptive search for robust quantum circuits' vs 'torchquantum',readme~pypi,1,conflict,1,,readme's bibtex points to a paper,8/14/26
J051,comp,torchquantum,authors,conflict,|A|=8 |B|=1 matchedA=0 matchedB=0,readme~pypi,1,conflict,1,,readme's bibtex points to a paper,8/14/26
J052,comp,pyquil,title,conflict,fuzzy=43 | 'PyQuil: Quantum programming in Python' vs 'A Practical Quantum Instruction Set Architecture',doi_record~readme,1,conflict,1,,readme's bibtex points to a arXiv paper,8/14/26
J053,comp,pyquil,authors,conflict,|A|=20 |B|=3 matchedA=3 matchedB=3,doi_record~readme,1,conflict,1,,readme's bibtex points to a arXiv paper,8/14/26
J054,comp,pyquil,year,conflict,2020 vs 2016,doi_record~readme,1,conflict,1,,readme's bibtex points to a arXiv paper,8/14/26
J055,comp,pyquil,title,conflict,fuzzy=29 | 'PyQuil: Quantum programming in Python' vs 'pyquil',doi_record~pypi,1,conflict,1,,,8/14/26
J056,comp,pyquil,authors,conflict,|A|=20 |B|=1 matchedA=0 matchedB=0,doi_record~pypi,1,conflict,1,,"pypi has """"Rigetti Computing"""" as general author",8/14/26
J057,comp,pyquil,version,conflict,'v2.17.0' vs '4.17.0',doi_record~pypi,1,conflict,1,,,8/14/26
J058,comp,pyquil,license,conflict,'Open Access' vs 'Apache-2.0',doi_record~pypi,1,conflict,1,,,8/14/26
J059,comp,pyquil,title,conflict,fuzzy=11 | 'A Practical Quantum Instruction Set Architecture' vs 'pyquil',readme~pypi,1,conflict,1,,readme's bibtex points to a arXiv paper,8/14/26
J060,comp,pyquil,authors,conflict,|A|=3 |B|=1 matchedA=0 matchedB=0,readme~pypi,1,conflict,1,,readme's bibtex points to a arXiv paper,8/14/26
J061,comp,cuda-quantum,authors,conflict,|A|=1 |B|=1 matchedA=0 matchedB=0,cff~doi_record;cff~pypi;doi_record~pypi,3,conflict,1,," ""The CUDA-Q development team"" for doi and cff while ""NVIDIA Corporation & Affiliates"" for pypi",8/14/26
J062,comp,cuda-quantum,title,conflict,fuzzy=67 | 'CUDA-Q' vs 'cuda-quantum',cff~pypi;doi_record~pypi,2,conflict,1,,,8/14/26
J063,comp,cuda-quantum,version,conflict,'0.15.0' vs '0.15.1',doi_record~pypi,1,conflict,1,,,8/14/26
J064,comp,yao-jl,authors,minor,name variants; n=4,cff~doi_record;cff~readme,2,minor,0,,"they have point to paper title, but appears as preferred citation in cff and bibtex for readme, but readme's paper is the Arxv Preprint",8/14/26
J065,comp,yao-jl,year,minor,2020 vs 2019 (staleness?),cff~readme;doi_record~readme,2,minor,1,,"they have point to paper title, but appears as preferred citation in cff and bibtex for readme, but readme's paper is the Arxv Preprint",8/14/26
J066,comp,qdk,title,conflict,fuzzy=6 | 'Microsoft Quantum Development Kit' vs 'Q#',cff~doi_record,1,conflict,1,,doi points to an ACM paper,8/14/26
J067,comp,qdk,authors,conflict,|A|=1 |B|=10 matchedA=0 matchedB=0,cff~doi_record,1,conflict,1,,doi points to an ACM paper while cff only list Microsoft as author,8/14/26
J068,comp,qdk,year,conflict,2024 vs 2018,cff~doi_record,1,conflict,1,,doi points to an ACM paper,8/14/26
J069,comp,qdk,title,conflict,fuzzy=11 | 'Microsoft Quantum Development Kit' vs 'qdk',cff~pypi;readme~pypi,2,conflict,1,,doi points to an ACM paper while cff and pypi for software,8/14/26
J070,comp,qdk,title,conflict,fuzzy=6 | 'Q#' vs 'Microsoft Quantum Development Kit',doi_record~readme,1,conflict,1,,doi points to an ACM paper while cff and pypi for software,8/14/26
J071,comp,qdk,authors,conflict,|A|=10 |B|=1 matchedA=0 matchedB=0,doi_record~readme;doi_record~pypi,2,conflict,1,,doi points to an ACM paper while cff and pypi for software,8/14/26
J072,comp,qdk,title,conflict,fuzzy=50 | 'Q#' vs 'qdk',doi_record~pypi,1,conflict,1,,doi points to an ACM paper while cff and pypi for software,8/14/26
J073,comp,covalent,title,conflict,fuzzy=39 | 'AgnostiqHQ/covalent: v0.228.0-rc.0' vs 'covalent',doi_record~pypi,1,conflict,1,,,8/14/26
J074,comp,covalent,authors,conflict,|A|=28 |B|=1 matchedA=0 matchedB=0,doi_record~pypi,1,conflict,1,,,8/14/26
J075,comp,covalent,version,conflict,'v0.228.0-rc.0' vs '0.240.0',doi_record~pypi,1,conflict,1,,,8/14/26
J076,comp,covalent,license,conflict,'Open Access' vs 'Apache License 2.0',doi_record~pypi,1,conflict,1,,,8/14/26
J077,comp,stim,title,conflict,fuzzy=18 | 'Stim' vs 'Stim: a fast stabilizer circuit simulator',cff~doi_record;cff~readme,2,conflict,1,,readme and cff points to paper in bibtexand preferred citation,8/14/26
J078,comp,stim,year,conflict,2024 vs 2021,cff~doi_record;cff~readme,2,conflict,1,,readme and cff points to paper in bibtexand preferred citation,8/14/26
J079,comp,stim,version,conflict,'1.14.0' vs '1.16.0',cff~pypi,1,conflict,1,,cff points to paper as preferred citation,8/14/26
J080,comp,stim,license,conflict,'Apache-2.0' vs 'Apache 2',cff~pypi,1,conflict,1,,cff points to paper as preferred citation,8/14/26
J081,comp,stim,title,conflict,fuzzy=18 | 'Stim: a fast stabilizer circuit simulator' vs 'stim',doi_record~pypi;readme~pypi,2,conflict,1,,readme and cff points to paper in bibtexand preferred citation,8/14/26
J082,comp,qsim,version,minor,v-prefix only,cff~doi_record;doi_record~pypi,2,minor,1,,pypi doesn't contains 'v',8/14/26
J083,comp,grassmann-jl,version,conflict,'0.8.33' vs 'v0.8.46',cff~doi_record,1,conflict,1,,cff has preferred citation pointing to an article,8/14/26
J084,comp,grassmann-jl,year,minor,2025 vs 2026 (staleness?),cff~doi_record,1,minor,1,,cff has preferred citation pointing to an article,8/14/26
J085,comp,grassmann-jl,doi,conflict,"10.5281/zenodo.101519786 vs 10.5281/zenodo.21863412 | both Zenodo: possible concept-vs-version DOI, HAND-CHECK",cff~doi_record,1,conflict,1,,cff has preferred citation pointing to an article,8/14/26
J086,comp,qualtran,title,conflict,fuzzy=25 | 'Qualtran' vs 'Expressing and Analyzing Quantum Algorithms with Qualtran',cff~doi_record;cff~readme,2,conflict,1,,doi_record points to arXibv paper while cff has this as preferred ciatation and readme has it in bibtex,8/14/26
J087,comp,qualtran,version,conflict,'0.6.0' vs '1',cff~doi_record,1,conflict,1,,doi_record points to arXibv paper while cff has this as preferred ciatation and readme has it in bibtex,8/14/26
J088,comp,qualtran,year,minor,2025 vs 2024 (staleness?),cff~doi_record;cff~readme,2,minor,1,,doi_record points to arXibv paper while cff has this as preferred ciatation and readme has it in bibtex,8/14/26
J089,comp,qualtran,license,conflict,'Apache-2.0' vs 'cc-by-4.0',cff~doi_record,1,conflict,1,,doi_record points to arXibv paper while cff has this as preferred ciatation and readme has it in bibtex,8/14/26
J090,comp,qibo,title,conflict,fuzzy=29 | 'qiboteam/qibo: qibo 0.3.4' vs 'qibo',doi_record~pypi,1,conflict,1,,no signifant difference. Pypi include the version number in title,8/14/26
J091,comp,qibo,authors,conflict,|A|=29 |B|=1 matchedA=0 matchedB=0,doi_record~pypi,1,conflict,1,,"pypi only use one-line of ""The Qibo team""",8/14/26
J092,comp,qibo,version,minor,v-prefix only,doi_record~pypi,1,minor,1,,,8/14/26
J093,comp,recirq,authors,conflict,|A|=1 |B|=2 matchedA=0 matchedB=0,zenodo_json~readme;doi_record~readme,2,conflict,0,,"all are """"Quantum AI team and collaborators""",8/14/26
J094,comp,toqito,title,conflict,fuzzy=67 | 'toqito -- Theory of quantum information toolkit: A Python package for studying quantum information' vs 'toqito: A Python toolkit for quantum information',doi_record~readme,1,conflict,1,,,8/14/26
J095,comp,toqito,year,minor,2020 vs 2021 (staleness?),doi_record~readme,1,minor,1,,,8/14/26
J096,comp,toqito,title,conflict,fuzzy=12 | 'toqito -- Theory of quantum information toolkit: A Python package for studying quantum information' vs 'toqito',doi_record~pypi,1,conflict,1,,,8/14/26
J097,comp,toqito,version,conflict,'v1.0' vs '1.3.1',doi_record~pypi,1,conflict,1,,,8/14/26
J098,comp,toqito,title,conflict,fuzzy=23 | 'toqito: A Python toolkit for quantum information' vs 'toqito',readme~pypi,1,conflict,1,,,8/14/26
J099,comp,qrisp,title,conflict,fuzzy=11 | 'Qrisp: A Framework for Compilable High-Level Programming of Gate-Based Quantum Computers' vs 'qrisp',readme~pypi,1,conflict,1,,readme point to a Arxiv paper as in bibtex,8/14/26
J100,comp,qrisp,authors,conflict,|A|=7 |B|=1 matchedA=0 matchedB=0,readme~pypi,1,conflict,1,,readme point to a Arxiv paper as in bibtex,8/14/26
J101,comp,catalyst,doi,conflict,10.5281/zenodo.12696447 vs 10.21105/joss.06720,cff~readme;doi_record~readme,2,conflict,1,,"readme point to a Journal in bibtex, which is also the preferred citation in cff",8/14/26
J102,comp,pyzx,title,conflict,fuzzy=15 | 'PyZX: Large Scale Automated Diagrammatic Reasoning' vs 'pyzx',readme~pypi,1,conflict,1,,,8/14/26
J103,comp,dart,title,conflict,fuzzy=45 | 'DART: Dynamic Animation and Robotics Toolkit' vs 'dartsim/dart: DART 6.13.0',cff~doi_record,1,conflict,1,,cff has preferred ciatation to a Journal.,8/14/26
J104,comp,dart,authors,conflict,|A|=9 |B|=30 matchedA=3 matchedB=4,cff~doi_record,1,conflict,1,,cff has preferred ciatation to a Journal.,8/14/26
J105,comp,dart,version,minor,v-prefix only,cff~doi_record,1,minor,1,,cff has preferred ciatation to a Journal.,8/14/26
J106,comp,dart,year,conflict,2023 vs 2018,cff~readme;doi_record~readme,2,conflict,1,,"cff has preferred ciatation to a Journal, which is also the bibtex of readme",8/14/26
J107,comp,dart,doi,conflict,10.5281/zenodo.7542588 vs 10.21105/joss.00500,cff~readme;doi_record~readme,2,conflict,1,,"cff has preferred ciatation to a Journal, which is also the bibtex of readme",8/14/26
J108,comp,dart,title,conflict,fuzzy=45 | 'dartsim/dart: DART 6.13.0' vs 'DART: Dynamic Animation and Robotics Toolkit',doi_record~readme,1,conflict,1,,"cff has preferred ciatation to a Journal, which is also the bibtex of readme",8/14/26
J109,comp,dart,authors,conflict,|A|=30 |B|=9 matchedA=4 matchedB=3,doi_record~readme,1,conflict,1,,"cff has preferred ciatation to a Journal, which is also the bibtex of readme",8/14/26
J110,comp,pyvista,authors,conflict,|A|=2 |B|=2 matchedA=1 matchedB=1,cff~doi_record;doi_record~readme,2,conflict,1,,,8/14/26
J111,comp,pyvista,title,conflict,fuzzy=13 | 'PyVista: 3D plotting and mesh analysis through a streamlined interface for the Visualization Toolkit (VTK)' vs 'pyvista',cff~pypi;doi_record~pypi;readme~pypi,3,conflict,1,,,8/14/26
J112,comp,biopsykit,title,conflict,fuzzy=23 | 'BioPsyKit' vs 'BioPsyKit: A Python package for the analysis of biopsychological data',cff~doi_record,1,conflict,1,,cff has preferred cation to a Journal,8/14/26
J113,comp,biopsykit,authors,conflict,|A|=5 |B|=5 matchedA=4 matchedB=4,cff~doi_record,1,conflict,1,,cff has preferred cation to a Journal,8/14/26
J114,comp,biopsykit,title,conflict,fuzzy=23 | 'BioPsyKit: A Python package for the analysis of biopsychological data' vs 'biopsykit',doi_record~pypi,1,conflict,1,,,8/14/26
J115,comp,debyecalculator,title,conflict,"fuzzy=15 | 'A GPU-Accelerated Open-Source Python Package for Calculating Powder Diffraction, Small-Angle-, and Total Scattering with the Debye Scattering Equation' vs 'debyecalculator'",cff~pypi;doi_record~pypi,2,conflict,1,,cff has preferred cation to a Journal,8/14/26
J116,comp,debyecalculator,authors,conflict,|A|=6 |B|=1 matchedA=1 matchedB=1,cff~pypi;doi_record~pypi,2,conflict,1,,cff has preferred cation to a Journal,8/14/26
J117,comp,debyecalculator,version,conflict,'v1.0.7' vs '1.0.14',doi_record~pypi,1,conflict,1,,,8/14/26
J118,comp,textnets,authors,conflict,|A|=1 |B|=1 matchedA=0 matchedB=0,cff~readme;doi_record~readme,2,conflict,1,,"cff has preferred cation to a Journal, which is also the bibtex in readme",8/14/26
J119,comp,textnets,doi,conflict,10.5281/zenodo.3866676 vs 10.21105/joss.02594,cff~readme;doi_record~readme,2,conflict,1,,"cff has preferred cation to a Journal, which is also the bibtex in readme",8/14/26
J120,comp,textnets,year,conflict,2024 vs 2020,doi_record~readme,1,conflict,1,,"cff has preferred cation to a Journal, which is also the bibtex in readme",8/14/26
J121,comp,textnets,version,conflict,'v0.9.5' vs '0.10.4',doi_record~pypi,1,conflict,1,,"cff has preferred cation to a Journal, which is also the bibtex in readme",8/14/26
J122,comp,textnets,license,conflict,'cc-by-4.0' vs 'GPL-3.0-only',doi_record~pypi,1,conflict,1,,,8/14/26
J123,comp,agni,year,minor,2025 vs 2024 (staleness?),cff~codemeta,1,minor,1,,cff and doi_record points to Journal paper,8/14/26
J124,comp,agni,title,conflict,fuzzy=58 | 'AGNI: An open-source model for extreme atmospheres on rocky exoplanets' vs 'AGNI: A radiative-convective model for lava planet atmospheres',cff~doi_record;zenodo_json~doi_record,2,conflict,1,,cff and doi_record points to Journal paper,8/14/26
J125,comp,agni,authors,conflict,|A|=1 |B|=3 matchedA=1 matchedB=1,cff~doi_record;codemeta~doi_record;zenodo_json~doi_record,3,conflict,1,,cff and doi_record points to Journal paper,8/14/26
J126,comp,agni,year,minor,2024 vs 2025 (staleness?),codemeta~doi_record,1,minor,1,,cff and doi_record points to Journal paper,8/14/26
J127,comp,mdentropy,authors,conflict,|A|=2 |B|=2 matchedA=1 matchedB=1,doi_record~readme,1,conflict,0,,"both doi and readme's bibtext point to the same Journal article, while readme's bibtex only has '\\' to escape the ‡ character",8/15/26
J128,comp,martini,title,conflict,fuzzy=28 | 'MARTINI: Mock Array Radio Telescope Interferometry of the Neutral ISM' vs 'kyleaoman/martini: v2.0.12',cff~doi_record,1,conflict,1,,cff has preferred citation and readme's bibtext all pointing to a Jounal article,8/15/26
J129,comp,martini,authors,conflict,|A|=1 |B|=1 matchedA=0 matchedB=0,cff~doi_record;doi_record~readme,2,conflict,1,,cff has preferred citation and readme's bibtext all pointing to a Jounal article,8/15/26
J130,comp,martini,doi,conflict,10.5281/zenodo.11198185 vs 10.21105/joss.06860,cff~readme;doi_record~readme,2,conflict,1,,cff has preferred citation and readme's bibtext all pointing to a Jounal article,8/15/26
J131,comp,martini,title,conflict,fuzzy=28 | 'kyleaoman/martini: v2.0.12' vs 'MARTINI: Mock Array Radio Telescope Interferometry of the Neutral ISM',doi_record~readme,1,conflict,1,,cff has preferred citation and readme's bibtext all pointing to a Jounal article,8/15/26
J132,comp,cheminformant,title,conflict,fuzzy=25 | 'ChemInformant' vs 'ChemInformant: A Robust and Workflow-Centric Python Client for High-Throughput PubChem Access',cff~zenodo_json;cff~doi_record;cff~readme,3,conflict,1,,readme's preferred caitaiton point to journal,8/15/26
J133,comp,cheminformant,year,minor,2026 vs 2025 (staleness?),cff~doi_record;cff~readme,2,minor,1,,readme's preferred caitaiton point to journal,8/15/26
J134,comp,cheminformant,title,conflict,fuzzy=25 | 'ChemInformant: A Robust and Workflow-Centric Python Client for High-Throughput PubChem Access' vs 'ChemInformant',zenodo_json~pypi;doi_record~pypi;readme~pypi,3,conflict,1,,readme's preferred caitaiton point to journal,8/15/26
J135,comp,earthpy,authors,conflict,|A|=5 |B|=7 matchedA=4 matchedB=4,zenodo_json~doi_record;zenodo_json~readme,2,conflict,1,,readme's bibtex and doi_records points to a paper,8/15/26
J136,comp,earthpy,authors,conflict,|A|=5 |B|=1 matchedA=1 matchedB=1,zenodo_json~pypi,1,conflict,1,,readme's bibtex and doi_records points to a paper,8/15/26
J137,comp,earthpy,title,conflict,fuzzy=11 | 'EarthPy: A Python package that makes it easier to explore and plot raster and vector data using open source Python tools.' vs 'earthpy',doi_record~pypi;readme~pypi,2,conflict,1,,readme's bibtex and doi_records points to a paper,8/15/26
J138,comp,earthpy,authors,conflict,|A|=7 |B|=1 matchedA=1 matchedB=1,doi_record~pypi;readme~pypi,2,conflict,1,,readme's bibtex and doi_records points to a paper,8/15/26
J139,comp,montepy,title,conflict,"fuzzy=18 | 'MontePy: a Python library for reading, editing, and writing MCNP input files.' vs 'MontePy'",cff~doi_record,1,conflict,1,,cff's preferred citation points to an article,8/15/26
J140,comp,montepy,authors,conflict,|A|=4 |B|=5 matchedA=4 matchedB=4,cff~doi_record,1,conflict,1,,cff's preferred citation points to an article,8/15/26
J141,comp,montepy,title,conflict,"fuzzy=18 | 'MontePy: a Python library for reading, editing, and writing MCNP input files.' vs 'montepy'",cff~pypi,1,conflict,1,,cff's preferred citation points to an article,8/15/26
J142,comp,montepy,version,conflict,'0.5.5' vs '1.5.0',doi_record~pypi,1,conflict,1,,,8/15/26
J143,comp,neon-utilities-python,version,minor,v-prefix only,cff~doi_record,1,minor,1,,,8/15/26
J144,comp,nsevdx,version,conflict,'0.2.4' vs 'v0.1.0',cff~doi_record,1,conflict,1,,,8/15/26
J145,comp,nsevdx,title,conflict,fuzzy=14 | 'nsEVDx: A Python Library for Modeling Non-Stationary Extreme Value Distributions' vs 'nsEVDx',cff~pypi;doi_record~pypi,2,conflict,1,,cff and doi has same name with version difference. Pypi has a short name with same vversion of cff,8/15/26
J146,comp,nsevdx,authors,conflict,|A|=2 |B|=1 matchedA=1 matchedB=1,cff~pypi;doi_record~pypi,2,conflict,1,,pypi has the first author only,8/15/26
J147,comp,nsevdx,version,conflict,'v0.1.0' vs '0.2.4',doi_record~pypi,1,conflict,1,,,8/15/26
J148,comp,sunpy,title,conflict,fuzzy=49 | 'The SunPy Project: Open Source Development and Status of the Version 1.0 Core Package' vs 'sunpy: A Core Package for Solar Physics',cff~zenodo_json,1,conflict,1,,,8/15/26
J149,comp,sunpy,authors,conflict,|A|=35 |B|=268 matchedA=28 matchedB=28,cff~zenodo_json,1,conflict,1,,zenodo_json has more as creator,8/15/26
J150,comp,sunpy,authors,conflict,|A|=35 |B|=34 matchedA=34 matchedB=34,cff~doi_record,1,conflict,1,,"doi_record has two null creator, but rest are the same",8/15/26
J151,comp,sunpy,title,conflict,fuzzy=11 | 'The SunPy Project: Open Source Development and Status of the Version 1.0 Core Package' vs 'sunpy',cff~pypi;doi_record~pypi,2,conflict,1,,,8/15/26
J152,comp,sunpy,title,conflict,fuzzy=49 | 'sunpy: A Core Package for Solar Physics' vs 'The SunPy Project: Open Source Development and Status of the Version 1.0 Core Package',zenodo_json~doi_record,1,conflict,1,,,8/15/26
J153,comp,sunpy,authors,conflict,|A|=268 |B|=34 matchedA=28 matchedB=28,zenodo_json~doi_record,1,conflict,1,,zenodo_json has more as creator,8/15/26
J154,comp,sunpy,title,conflict,fuzzy=23 | 'sunpy: A Core Package for Solar Physics' vs 'sunpy',zenodo_json~pypi,1,conflict,1,,,8/15/26
J155,comp,sunpy,license,conflict,'BSD-2-Clause' vs 'BSD-3-Clause',zenodo_json~pypi,1,conflict,1,,,8/15/26
J156,comp,plenoptic,authors,conflict,|A|=14 |B|=8 matchedA=7 matchedB=7,cff~readme;doi_record~readme,2,conflict,1,,readme has bibtext points to an article,8/15/26
J157,comp,plenoptic,title,conflict,fuzzy=23 | 'Plenoptic: A platform for synthesizing model-optimized visual stimuli' vs 'plenoptic',cff~pypi;doi_record~pypi;readme~pypi,3,conflict,1,,,8/15/26
J158,comp,plenoptic,authors,conflict,|A|=14 |B|=1 matchedA=0 matchedB=0,cff~pypi;doi_record~pypi,2,conflict,1,,pypi only has one author,8/15/26
J159,comp,plenoptic,year,conflict,2026 vs 2023,doi_record~readme,1,conflict,1,,readme has bibtext points to an article,8/15/26
J160,comp,plenoptic,authors,conflict,|A|=8 |B|=1 matchedA=0 matchedB=0,readme~pypi,1,conflict,1,,readme has bibtext points to an article,8/15/26
J161,comp,pyrolite,title,conflict,fuzzy=42 | 'morganjwilliams/pyrolite: 0.3.6' vs 'pyrolite',cff~pypi;doi_record~pypi,2,conflict,1,,cff's preferred citaion points to a article,8/15/26
J162,comp,pyrolite,version,conflict,'0.3.6' vs '0.3.7',cff~pypi;doi_record~pypi,2,conflict,1,,cff's preferred citaion points to a article,8/15/26
J163,comp,pyrolite,license,conflict,'cc-by-4.0' vs 'CSIRO Open Source Software Licence Agreement (Variation of t',doi_record~pypi,1,conflict,1,,,8/15/26
J164,comp,pygmt,version,minor,v-prefix only,cff~doi_record;doi_record~pypi,2,minor,1,,,8/15/26
J165,comp,pygmt,title,conflict,fuzzy=17 | 'PyGMT: A Python interface for the Generic Mapping Tools' vs 'pygmt',cff~pypi;doi_record~pypi,2,conflict,1,,,8/15/26
J166,comp,eomaps,title,conflict,fuzzy=16 | 'EOmaps: A python package to visualize and analyze geographical datasets.' vs 'eomaps',readme~pypi,1,conflict,1,,,8/15/26
J167,comp,xclim,authors,conflict,|A|=26 |B|=38 matchedA=26 matchedB=26,cff~zenodo_json,1,conflict,1,,cff's preferred citaion points to a article,8/15/26
J168,comp,xclim,authors,conflict,|A|=26 |B|=25 matchedA=25 matchedB=25,cff~doi_record,1,conflict,1,,cff's preferred citaion points to a article,8/15/26
J169,comp,xclim,title,conflict,fuzzy=22 | 'xclim: xarray-based climate data analytics' vs 'xclim',cff~pypi;zenodo_json~pypi;doi_record~pypi,3,conflict,1,,cff's preferred citaion points to a article,8/15/26
J170,comp,xclim,authors,conflict,|A|=38 |B|=25 matchedA=25 matchedB=25,zenodo_json~doi_record,1,conflict,1,,,8/15/26
J171,comp,xclim,version,conflict,'v0.43.0' vs '0.61.1',doi_record~pypi,1,conflict,1,,,8/15/26
J172,comp,felupe,title,conflict,fuzzy=60 | 'FElupe: Finite element analysis for continuum mechanics of solid bodies' vs 'FElupe: Finite Element Analysis',cff~doi_record,1,conflict,1,,cff's preferred citaion points to a article,8/15/26
J173,comp,felupe,authors,conflict,|A|=2 |B|=1 matchedA=1 matchedB=1,cff~doi_record,1,conflict,1,,cff's preferred citaion points to a article,8/15/26
J174,comp,felupe,title,conflict,fuzzy=16 | 'FElupe: Finite element analysis for continuum mechanics of solid bodies' vs 'felupe',cff~pypi,1,conflict,1,,cff's preferred citaion points to a article,8/15/26
J175,comp,felupe,title,conflict,fuzzy=33 | 'FElupe: Finite Element Analysis' vs 'felupe',doi_record~pypi,1,conflict,1,,,8/15/26
J176,comp,felupe,version,conflict,'v9.4.0' vs '10.1.0',doi_record~pypi,1,conflict,1,,,8/15/26
J177,comp,felupe,license,conflict,'gpl-3.0' vs 'GPL-3.0-or-later',doi_record~pypi,1,conflict,1,,,8/15/26
J178,comp,sourmash,authors,conflict,|A|=29 |B|=36 matchedA=29 matchedB=29,cff~zenodo_json,1,conflict,1,,cff's preferred citaion points to a article,8/15/26
J179,comp,sourmash,authors,conflict,|A|=29 |B|=36 matchedA=0 matchedB=0,cff~doi_record,1,conflict,1,,cff's preferred citaion points to a article,8/15/26
J180,comp,sourmash,title,conflict,"fuzzy=16 | 'sourmash v4: A multitool to quickly search, compare, and analyze genomic and metagenomic data sets' vs 'sourmash'",cff~pypi;cff~npm;doi_record~pypi;doi_record~npm,4,conflict,1,,cff's preferred citaion points to a article,8/15/26
J181,comp,sourmash,authors,conflict,|A|=29 |B|=1 matchedA=0 matchedB=0,cff~pypi,1,conflict,1,,cff's preferred citaion points to a article,8/15/26
J182,comp,sourmash,version,conflict,'v1.0.0' vs 'v4.8.9',codemeta~doi_record,1,conflict,1,,,8/15/26
J183,comp,sourmash,year,conflict,2016 vs 2024,codemeta~doi_record,1,conflict,1,,,8/15/26
J184,comp,sourmash,version,conflict,'v1.0.0' vs '4.9.4',codemeta~pypi,1,conflict,1,,,8/15/26
J185,comp,sourmash,version,conflict,'v1.0.0' vs '0.23.0',codemeta~npm,1,conflict,1,,,8/15/26
J186,comp,sourmash,authors,conflict,|A|=36 |B|=36 matchedA=0 matchedB=0,zenodo_json~doi_record,1,conflict,0,,same author list,8/15/26
J187,comp,sourmash,authors,conflict,|A|=36 |B|=1 matchedA=0 matchedB=0,zenodo_json~pypi;doi_record~pypi,2,conflict,1,,,8/15/26
J188,comp,sourmash,version,conflict,'v4.8.9' vs '4.9.4',doi_record~pypi,1,conflict,1,,,8/15/26
J189,comp,sourmash,version,conflict,'v4.8.9' vs '0.23.0',doi_record~npm,1,conflict,1,,,8/15/26
J190,comp,sourmash,version,conflict,'4.9.4' vs '0.23.0',pypi~npm,1,conflict,1,,,8/15/26
J191,comp,bibat,title,conflict,fuzzy=29 | 'teddygroves/bibat: v0.1.2' vs 'Bibat: batteries-included Bayesian analysis template',doi_record~readme,1,conflict,1,,,8/15/26
J192,comp,bibat,title,conflict,fuzzy=34 | 'teddygroves/bibat: v0.1.2' vs 'bibat',doi_record~pypi,1,conflict,1,,,8/15/26
J193,comp,bibat,version,conflict,'v0.1.2' vs '0.3.4',doi_record~pypi,1,conflict,1,,,8/15/26
J194,comp,bibat,license,conflict,'Open Access' vs 'GNU General Public License version 3',doi_record~pypi,1,conflict,1,,,8/15/26
J195,comp,bibat,title,conflict,fuzzy=18 | 'Bibat: batteries-included Bayesian analysis template' vs 'bibat',readme~pypi,1,conflict,1,,,8/15/26
J196,intra,kokkos,title,conflict,fuzzy=19 | 'Kokkos' vs 'Kokkos 3: Programming Model Extensions for the Exascale Era',cff~cff_preferred,1,conflict,1,,,8/15/26
J197,intra,kokkos,authors,conflict,|A|=1 |B|=20 matchedA=0 matchedB=0,cff~cff_preferred,1,conflict,1,,,8/15/26
J198,intra,mfem,title,conflict,fuzzy=79 | 'MFEM: Modular Finite Element Methods [Software]' vs 'MFEM: A Modular Finite Element Methods Library',cff~cff_preferred,1,conflict,1,,cff's preferred citaion points to a article,8/15/26
J199,intra,mfem,authors,conflict,|A|=1 |B|=17 matchedA=0 matchedB=0,cff~cff_preferred,1,conflict,1,,cff's preferred citaion points to a article,8/15/26
J200,intra,mfem,doi,conflict,10.11578/dc.20171025.1248 vs 10.1016/j.camwa.2020.06.009,cff~cff_preferred,1,conflict,1,,cff's preferred citaion points to a article,8/15/26
J201,intra,dealii,title,conflict,"fuzzy=20 | 'deal.II' vs 'The deal.II finite element library: Design, features, and insights'",cff~cff_preferred,1,conflict,1,,cff's preferred citaion points to a article,8/15/26
J202,intra,dealii,authors,conflict,|A|=1 |B|=10 matchedA=0 matchedB=0,cff~cff_preferred,1,conflict,1,,cff's preferred citaion points to a article,8/15/26
J203,intra,kernel,title,conflict,fuzzy=39 | 'The Hermit Kernel' vs 'Exploring Rust for Unikernel Development',cff~cff_preferred,1,conflict,1,,cff's preferred citaion points to a article,8/15/26
J204,intra,kernel,authors,conflict,|A|=11 |B|=3 matchedA=2 matchedB=2,cff~cff_preferred,1,conflict,1,,cff's preferred citaion points to a article,8/15/26
J205,intra,kernel,year,conflict,2025 vs 2019,cff~cff_preferred,1,conflict,1,,cff's preferred citaion points to a article,8/15/26
J206,intra,kernel,doi,conflict,10.5281/zenodo.14645534 vs 10.1145/3365137.3365395,cff~cff_preferred,1,conflict,1,,cff's preferred citaion points to a article,8/15/26
J207,intra,trilinos,title,conflict,fuzzy=17 | 'Trilinos' vs 'Trilinos: Enabling Scientific Computing across Diverse Hardware Architectures at Scale',cff~cff_preferred,1,conflict,1,,cff's preferred citaion points to a article,8/15/26
J208,intra,openmc,title,conflict,fuzzy=16 | 'OpenMC' vs 'OpenMC: A state-of-the-art Monte Carlo code for research and development',cff~cff_preferred,1,conflict,1,,cff's preferred citaion points to a article,8/15/26
J209,intra,openmc,authors,conflict,|A|=11 |B|=6 matchedA=3 matchedB=3,cff~cff_preferred,1,conflict,1,,cff's preferred citaion points to a article,8/15/26
J210,intra,mpi4py,title,conflict,fuzzy=28 | 'MPI for Python' vs 'mpi4py: Status Update After 12 Years of Development',cff~cff_preferred,1,conflict,1,,cff's preferred citaion points to a article,8/15/26
J211,intra,mpi4py,authors,conflict,|A|=3 |B|=2 matchedA=2 matchedB=2,cff~cff_preferred,1,conflict,1,,cff's preferred citaion points to a article,8/15/26
J212,intra,mpi4py,doi,conflict,10.5281/zenodo.5645087 vs 10.1109/mcse.2021.3083216,cff~cff_preferred,1,conflict,1,,cff's preferred citaion points to a article,8/15/26
J213,intra,geant4,title,conflict,fuzzy=34 | 'Geant4' vs 'Recent developments in Geant4',cff~cff_preferred,1,conflict,1,,cff's preferred citaion points to a article,8/15/26
J214,intra,geant4,authors,conflict,|A|=2 |B|=99 matchedA=0 matchedB=0,cff~cff_preferred,1,conflict,1,,cff's preferred citaion points to a article,8/15/26
J215,intra,dace,title,conflict,fuzzy=35 | 'DaCe - Data Centric Parallel Programming' vs 'Stateful Dataflow Multigraphs: A Data-Centric Model for Performance Portability on Heterogeneous Architectures',cff~cff_preferred,1,conflict,1,,cff's preferred citaion points to a article,8/15/26
J216,intra,dace,authors,conflict,|A|=28 |B|=5 matchedA=5 matchedB=5,cff~cff_preferred,1,conflict,1,,cff's preferred citaion points to a article,8/15/26
J217,intra,openfermion,title,conflict,fuzzy=29 | 'OpenFermion' vs 'OpenFermion: The Electronic Structure Package for Quantum Computers',cff~cff_preferred,1,conflict,1,,cff's preferred citaion points to a article,8/15/26
J218,intra,openfermion,authors,conflict,|A|=1 |B|=37 matchedA=0 matchedB=0,cff~cff_preferred,1,conflict,1,,cff's preferred citaion points to a article,8/15/26
J219,intra,openfermion,year,conflict,2026 vs 2020,cff~cff_preferred,1,conflict,1,,cff's preferred citaion points to a article,8/15/26
J220,intra,stim,title,conflict,fuzzy=18 | 'Stim' vs 'Stim: a fast stabilizer circuit simulator',cff~cff_preferred,1,conflict,1,,cff's preferred citaion points to a article,8/15/26
J221,intra,stim,year,conflict,2024 vs 2021,cff~cff_preferred,1,conflict,1,,cff's preferred citaion points to a article,8/15/26
J222,intra,qsim,title,conflict,fuzzy=10 | 'qsim' vs 'Simulations of Quantum Circuits with Approximate Noise using qsim and Cirq',cff~cff_preferred,1,conflict,1,,cff's preferred citaion points to a article,8/15/26
J223,intra,qsim,authors,conflict,|A|=1 |B|=18 matchedA=0 matchedB=0,cff~cff_preferred,1,conflict,1,,cff's preferred citaion points to a article,8/15/26
J224,intra,qsim,year,conflict,2025 vs 2021,cff~cff_preferred,1,conflict,1,,cff's preferred citaion points to a article,8/15/26
J225,intra,qsim,doi,conflict,10.5281/zenodo.4067237 vs 10.48550/arxiv.2111.02396,cff~cff_preferred,1,conflict,1,,cff's preferred citaion points to a article,8/15/26
J226,intra,grassmann-jl,title,conflict,fuzzy=32 | 'Grassmann.jl' vs 'Differential geometric algebra with Leibniz and Grassmann',cff~cff_preferred,1,conflict,1,,cff's preferred citaion points to a article,8/15/26
J227,intra,grassmann-jl,year,conflict,2025 vs 2019,cff~cff_preferred,1,conflict,1,,cff's preferred citaion points to a article,8/15/26
J228,intra,qualtran,title,conflict,fuzzy=25 | 'Qualtran' vs 'Expressing and Analyzing Quantum Algorithms with Qualtran',cff~cff_preferred,1,conflict,1,,cff's preferred citaion points to a article,8/15/26
J229,intra,catalyst,doi,conflict,10.5281/zenodo.12696447 vs 10.21105/joss.06720,cff~cff_preferred,1,conflict,1,,cff's preferred citaion points to a article,8/15/26
J230,intra,dart,year,conflict,2023 vs 2018,cff~cff_preferred,1,conflict,1,,cff's preferred citaion points to a article,8/15/26
J231,intra,dart,doi,conflict,10.5281/zenodo.7542588 vs 10.21105/joss.00500,cff~cff_preferred,1,conflict,1,,cff's preferred citaion points to a article,8/15/26
J232,intra,biopsykit,title,conflict,fuzzy=23 | 'BioPsyKit' vs 'BioPsyKit: A Python package for the analysis of biopsychological data',cff~cff_preferred,1,conflict,1,,cff's preferred citaion points to a article,8/15/26
J233,intra,biopsykit,doi,conflict,10.17605/osf.io/ebdrt vs 10.21105/joss.03702,cff~cff_preferred,1,conflict,1,,cff's preferred citaion points to a article,8/15/26
J234,intra,debyecalculator,doi,conflict,10.5281/zenodo.10659528 vs 10.21105/joss.06024,cff~cff_preferred,1,conflict,1,,cff's preferred citaion points to a article,8/15/26
J235,intra,textnets,title,conflict,fuzzy=25 | 'textnets' vs 'textnets: A Python Package for Text Analysis with Networks',cff~cff_preferred,1,conflict,1,,cff's preferred citaion points to a article,8/15/26
J236,intra,textnets,doi,conflict,10.5281/zenodo.3866676 vs 10.21105/joss.02594,cff~cff_preferred,1,conflict,1,,cff's preferred citaion points to a article,8/15/26
J237,intra,geometry,doi,conflict,10.5281/zenodo.20281747 vs 10.21105/joss.10328,cff~cff_preferred,1,conflict,1,,cff's preferred citaion points to a article,8/15/26
J238,intra,genomesizer,doi,conflict,10.5281/zenodo.17971801 vs 10.21105/joss.08759,cff~cff_preferred,1,conflict,1,,cff's preferred citaion points to a article,8/15/26
J239,intra,martini,doi,conflict,10.5281/zenodo.11198185 vs 10.21105/joss.06860,cff~cff_preferred,1,conflict,1,,cff's preferred citaion points to a article,8/15/26
J240,intra,montepy,doi,conflict,10.5281/zenodo.15185507 vs 10.21105/joss.07951,cff~cff_preferred,1,conflict,1,,cff's preferred citaion points to a article,8/15/26
J241,intra,pyrolite,title,conflict,fuzzy=45 | 'morganjwilliams/pyrolite: 0.3.6' vs 'pyrolite: Python for geochemistry',cff~cff_preferred,1,conflict,1,,cff's preferred citaion points to a article,8/15/26
J242,intra,pyrolite,authors,conflict,|A|=13 |B|=8 matchedA=2 matchedB=2,cff~cff_preferred,1,conflict,1,,cff's preferred citaion points to a article,8/15/26
J243,intra,pyrolite,year,conflict,2024 vs 2020,cff~cff_preferred,1,conflict,1,,cff's preferred citaion points to a article,8/15/26
J244,intra,pyrolite,doi,conflict,10.5281/zenodo.2545106 vs 10.21105/joss.02314,cff~cff_preferred,1,conflict,1,,cff's preferred citaion points to a article,8/15/26
J245,intra,pygmt,title,conflict,fuzzy=64 | 'PyGMT: A Python interface for the Generic Mapping Tools' vs 'PyGMT: Bridging Python and the Generic Mapping Tools for Geospatial Visualization and Analysis',cff~cff_preferred,1,conflict,1,,cff's preferred citaion points to a article,8/15/26
J246,intra,pygmt,authors,conflict,|A|=19 |B|=8 matchedA=7 matchedB=7,cff~cff_preferred,1,conflict,1,,cff's preferred citaion points to a article,8/15/26
J247,intra,pygmt,doi,conflict,10.5281/zenodo.19398871 vs 10.1029/2026gc013105,cff~cff_preferred,1,conflict,1,,cff's preferred citaion points to a article,8/15/26
J248,intra,xclim,authors,conflict,|A|=26 |B|=25 matchedA=25 matchedB=25,cff~cff_preferred,1,conflict,1,,cff's preferred citaion points to a article,8/15/26
J249,intra,xclim,doi,conflict,10.5281/zenodo.7916446 vs 10.21105/joss.05415,cff~cff_preferred,1,conflict,1,,cff's preferred citaion points to a article,8/15/26
J250,intra,felupe,doi,conflict,10.5281/zenodo.17202699 vs 10.21105/joss.09160,cff~cff_preferred,1,conflict,1,,cff's preferred citaion points to a article,8/15/26
J251,intra,sourmash,doi,conflict,10.5281/zenodo.11557883 vs 10.21105/joss.06830,cff~cff_preferred,1,conflict,1,,cff's preferred citaion points to a article,8/15/26
J252,exact,sourmash,title,exact,(exact: open data/normalized/sourmash.json),pypi~npm,1,exact,1,,same name but different version between pypi and npm,8/15/26
J253,exact,zfp,doi,exact,(exact: open data/normalized/zfp.json),cff~doi_record,1,exact,1,,same but both point to article,8/15/26
J254,exact,agni,version,exact,(exact: open data/normalized/agni.json),codemeta~zenodo_json,1,exact,1,,,8/15/26
J255,exact,xclim,license,exact,alias-normalized,doi_record~pypi,1,exact,1,,,8/15/26
J256,exact,earthpy,doi,exact,(exact: open data/normalized/earthpy.json),doi_record~readme,1,exact,1,,,8/15/26
J257,exact,thread-pool,doi,exact,(exact: open data/normalized/thread-pool.json),cff~doi_record,1,exact,1,,,8/15/26
J258,exact,zfp,year,exact,(exact: open data/normalized/zfp.json),cff~doi_record,1,exact,1,,,8/15/26
J259,exact,sourmash,license,exact,alias-normalized,codemeta~npm,1,exact,1,,,8/15/26
J260,exact,dair,year,exact,(exact: open data/normalized/dair.json),doi_record~readme,1,exact,1,,,8/15/26
J261,exact,quantum,authors,exact,n=29,doi_record~readme,1,exact,1,,,8/15/26
J262,exact,qiskit,license,exact,alias-normalized,doi_record~pypi,1,exact,1,,,8/15/26
J263,exact,rustworkx,license,exact,alias-normalized,doi_record~pypi,1,exact,1,,,8/15/26
J264,exact,cheminformant,authors,exact,n=1,cff~doi_record;zenodo_json~readme,2,exact,1,,,8/15/26
J265,exact,cblearn,doi,exact,(exact: open data/normalized/cblearn.json),doi_record~readme,1,exact,1,,,8/15/26
J266,exact,cheminformant,doi,exact,(exact: open data/normalized/cheminformant.json),doi_record~readme,1,exact,1,,,8/15/26
J267,exact,cheminformant,version,exact,(exact: open data/normalized/cheminformant.json),cff~pypi,1,exact,1,,,8/15/26
J268,exact,dair,authors,exact,n=1,doi_record~readme,1,exact,1,,,8/15/26
J269,exact,grassmann-jl,title,exact,(exact: open data/normalized/grassmann-jl.json),cff~doi_record,1,exact,1,,,8/15/26
J270,exact,dart,doi,exact,(exact: open data/normalized/dart.json),cff~doi_record,1,exact,1,,,8/15/26
J271,exact,kernel,title,exact,(exact: open data/normalized/kernel.json),cff~doi_record,1,exact,1,,,8/15/26
J272,exact,stim,doi,exact,(exact: open data/normalized/stim.json),doi_record~readme,1,exact,1,,,8/15/26
J273,exact,cheminformant,title,exact,(exact: open data/normalized/cheminformant.json),zenodo_json~doi_record,1,exact,1,,,8/15/26
J274,exact,mpich,title,exact,(exact: open data/normalized/mpich.json),doi_record~pypi,1,exact,1,,,8/15/26
J275,exact,neon-utilities-python,authors,exact,n=3,cff~doi_record,1,exact,1,,,8/15/26
J276,exact,mpi4py,license,exact,alias-normalized,doi_record~pypi,1,exact,1,,,8/15/26
J277,exact,sourmash,doi,exact,(exact: open data/normalized/sourmash.json),cff~doi_record,1,exact,1,,,8/15/26
J278,exact,cheminformant,year,exact,(exact: open data/normalized/cheminformant.json),doi_record~readme,1,exact,1,,,8/15/26
J279,exact,xclim,title,exact,(exact: open data/normalized/xclim.json),cff~zenodo_json,1,exact,1,,,8/15/26
J280,exact,recirq,license,exact,alias-normalized,zenodo_json~doi_record,1,exact,1,,,8/15/26